City,original-name,google-name,lon,lat,population,state_name,state_abbr,code
C001,"Abilene, TX Metro Area",Abilene,-99.7331439,32.4487364,164878,Texas,TX,C001
C002,"Aguadilla-Isabela, PR Metro Area",Aguadilla-Isabela,-67.0243462,18.5007759,327849,PuertoRico,PR,C002
C003,"Akron, OH Metro Area",Akron,-81.5190053,41.0814447,695688,Ohio,OH,C003
C004,"Albany, OR Metro Area",Albany,-123.087973,44.639823,117080,Oregon,OR,C004
C005,"Albany, GA Metro Area",Albany,-84.15848,31.57032,154351,Georgia,GA,C005
C006,"Albany-Schenectady-Troy, NY Metro Area",Albany-Schenectady-Troy,-73.8982419,42.7741015,866964,New York,NY,C006
C007,"Albuquerque, NM Metro Area",Albuquerque,-106.6055534,35.0853336,887976,New Mexico,NM,C007
C008,"Alexandria, LA Metro Area",Alexandria,-92.45763,31.291683,152783,Louisiana,LA,C008
C009,"Allentown-Bethlehem-Easton, PA-NJ Metro Area",Allentown-Bethlehem-Easton,-75.4440964,40.6516458,817821,Pennsylvania,PA,C009
C010,"Altoona, PA Metro Area",Altoona,-78.3947359,40.5186809,125485,Pennsylvania,PA,C010
C011,"Amarillo, TX Metro Area",Amarillo,-101.8312969,35.2219971,253391,Texas,TX,C011
C012,"Ames, IA Metro Area",Ames,-93.635305,42.027349,90975,Iowa,IA,C012
C013,"Anchorage, AK Metro Area",Anchorage,-149.9002778,61.2180556,386261,Alaska,AK,C013
C014,"Ann Arbor, MI Metro Area",Ann Arbor,-83.7430378,42.2808256,347784,Michigan,MI,C014
C015,"Anniston-Oxford-Jacksonville, AL Metro Area",Anniston-Oxford-Jacksonville,-85.763814,33.801025,115949,Alabama,AL,C015
C016,"Appleton, WI Metro Area",Appleton,-88.4153847,44.2619309,226172,Wisconsin,WI,C016
C017,"Arecibo, PR Metro Area",Arecibo,-66.7528196,18.3464019,193550,PuertoRico,PR,C017
C018,"Asheville, NC Metro Area",Asheville,-82.5514869,35.5950581,429136,North Carolina,NC,C018
C019,"Athens-Clarke County, GA Metro Area",Athens-Clarke County,-83.357567,33.9519347,194156,Georgia,GA,C019
C020,"Atlanta-Sandy Springs-Roswell, GA Metro Area",Atlanta-Sandy Springs-Roswell,-84.3792807,33.9140274,5386650,Georgia,GA,C020
C021,"Atlantic City-Hammonton, NJ Metro Area",Atlantic City-Hammonton,-74.8023853,39.6365056,272863,New Jersey,NJ,C021
C022,"Auburn-Opelika, AL Metro Area",Auburn-Opelika,-85.467707,32.6086798,146149,Alabama,AL,C022
C023,"Augusta-Richmond County, GA-SC Metro Area",Augusta-Richmond County,-82.0105148,33.4734978,568595,Georgia,GA,C023
C024,"Austin-Round Rock, TX Metro Area",Austin-Round Rock,-97.694187,30.538814,1810894,Texas,TX,C024
C025,"Baltimore-Columbia-Towson, MD Metro Area",Baltimore-Columbia-Towson,-76.6065247,39.4003288,2721102,Maryland,MD,C025
C026,"Bangor, ME Metro Area",Bangor,-68.7778138,44.8011821,152160,Maine,ME,C026
C027,"Barnstable Town, MA Metro Area",Barnstable Town,-70.3002024,41.7003208,213756,Massachusetts,MA,C027
C028,"Baton Rouge, LA Metro Area",Baton Rouge,-91.1403196,30.4582829,804491,Louisiana,LA,C028
C029,"Battle Creek, MI Metro Area",Battle Creek,-85.1797142,42.3211522,133706,Michigan,MI,C029
C030,"Bay City, MI Metro Area",Bay City,-83.8888647,43.5944677,105926,Michigan,MI,C030
C031,"Beaumont-Port Arthur, TX Metro Area",Beaumont-Port Arthur,-93.9871788,29.9379365,400092,Texas,TX,C031
C032,"Beckley, WV Metro Area",Beckley,-81.1881557,37.7781702,123204,West Virginia,WV,C032
C033,"Bellingham, WA Metro Area",Bellingham,-122.4786854,48.7519112,202568,Washington,WA,C033
C034,"Bend-Redmond, OR Metro Area",Bend-Redmond,-121.1504051,44.2531845,161556,Oregon,OR,C034
C035,"Billings, MT Metro Area",Billings,-108.5006904,45.7832856,161068,Montana,MT,C035
C036,"Binghamton, NY Metro Area",Binghamton,-75.9179738,42.0986867,246797,New York,NY,C036
C037,"Birmingham-Hoover, AL Metro Area",Birmingham-Hoover,-86.816107,33.369322,1121608,Alabama,AL,C037
C038,"Bismarck, ND Metro Area",Bismarck,-100.7837392,46.8083268,119168,North Dakota,ND,C038
C039,"Blacksburg-Christiansburg-Radford, VA Metro Area",Blacksburg-Christiansburg-Radford,-80.5764477,37.1317924,178148,Virginia,VA,C039
C040,"Bloomington, IN Metro Area",Bloomington,-86.5263857,39.165325,160738,Indiana,IN,C040
C041,"Bloomington, IL Metro Area",Bloomington,-88.986971,40.472926,186676,Illinois,IL,C041
C042,"Bloomsburg-Berwick, PA Metro Area",Bloomsburg-Berwick,-76.2332676,41.0545292,84777,Pennsylvania,PA,C042
C043,"Boise City, ID Metro Area",Boise City,-116.2146068,43.6187102,631462,Idaho,ID,C043
C044,"Boston-Cambridge-Newton, MA-NH Metro Area",Boston-Cambridge-Newton,-71.1336367,42.3551531,4600543,Massachusetts,MA,C044
C045,"Boulder, CO Metro Area",Boulder,-105.2705456,40.0149856,302194,Colorado,CO,C045
C046,"Bowling Green, KY Metro Area",Bowling Green,-86.4808043,36.9685219,160300,Kentucky,KY,C046
C047,"Bremerton-Silverdale, WA Metro Area",Bremerton-Silverdale,-122.6388241,47.5715506,250448,Washington,WA,C047
C048,"Bridgeport-Stamford-Norwalk, CT Metro Area",Bridgeport-Stamford-Norwalk,-73.408122,41.1113332,924777,Connecticut,CT,C048
C049,"Brownsville-Harlingen, TX Metro Area",Brownsville-Harlingen,-97.6863403,26.1641548,408872,Texas,TX,C049
C050,"Brunswick, GA Metro Area",Brunswick,-97.238708,32.877746,112347,Texas,TX,C050
C051,"Buffalo-Cheektowaga-Niagara Falls, NY Metro Area",Buffalo-Cheektowaga-Niagara Falls,-78.8224221,43.0054423,1123794,New York,NY,C051
C052,"Burlington, NC Metro Area",Burlington,-79.437696,36.093542,152409,North Carolina,NC,C052
C053,"Burlington-South Burlington, VT Metro Area",Burlington-South Burlington,-73.1709604,44.4669941,211635,Vermont,VT,C053
C054,"California-Lexington Park, MD Metro Area",California-Lexington Park,-76.5074542,38.3004029,107236,Maryland,MD,C054
C055,"Canton-Massillon, OH Metro Area",Canton-Massillon,-81.5215093,40.7967244,399052,Ohio,OH,C055
C056,"Cape Coral-Fort Myers, FL Metro Area",Cape Coral-Fort Myers,-81.9534815,26.6630286,641513,Florida,FL,C056
C057,"Cape Girardeau, MO-IL Metro Area",Cape Girardeau,-89.5181476,37.3058839,96335,Missouri,MO,C057
C058,"Carbondale-Marion, IL Metro Area",Carbondale-Marion,-89.2542325,37.7376501,125713,Illinois,IL,C058
C059,"Carson City, NV Metro Area",Carson City,-119.7674034,39.1637984,54161,Nevada,NV,C059
C060,"Casper, WY Metro Area",Casper,-106.313081,42.866632,77875,Wyoming,WY,C060
C061,"Cedar Rapids, IA Metro Area",Cedar Rapids,-91.6656232,41.9778795,258198,Iowa,IA,C061
C062,"Chambersburg-Waynesboro, PA Metro Area",Chambersburg-Waynesboro,-77.646251,39.9342881,149754,Pennsylvania,PA,C062
C063,"Champaign-Urbana, IL Metro Area",Champaign-Urbana,-88.2433829,40.1164204,232311,Illinois,IL,C063
C064,"Charleston, WV Metro Area",Charleston,-81.642173,38.343967,223113,West Virginia,WV,C064
C065,"Charleston-North Charleston, SC Metro Area",Charleston-North Charleston,-79.9748103,32.8546197,689205,South Carolina,SC,C065
C066,"Charlotte-Concord-Gastonia, NC-SC Metro Area",Charlotte-Concord-Gastonia,-80.817935,35.3328119,2270473,North Carolina,NC,C066
C067,"Charlottesville, VA Metro Area",Charlottesville,-78.4766781,38.0293059,220824,Virginia,VA,C067
C068,"Chattanooga, TN-GA Metro Area",Chattanooga,-85.3096801,35.0456297,531445,Tennessee,TN,C068
C069,"Cheyenne, WY Metro Area",Cheyenne,-104.8202462,41.1399814,93336,Wyoming,WY,C069
C070,"Chicago-Naperville-Elgin, IL-IN-WI Metro Area",Chicago-Naperville-Elgin,-88.1291089,41.7745245,9402769,Illinois,IL,C070
C071,"Chico, CA Metro Area",Chico,-121.8374777,39.7284944,219308,California,CA,C071
C072,"Cincinnati, OH-KY-IN Metro Area",Cincinnati,-84.5120196,39.1031182,2105491,Ohio,OH,C072
C073,"Clarksville, TN-KY Metro Area",Clarksville,-87.3594528,36.5297706,266343,Tennessee,TN,C073
C074,"Cleveland, TN Metro Area",Cleveland,-84.875314,35.177734,116519,Tennessee,TN,C074
C075,"Cleveland-Elyria, OH Metro Area",Cleveland-Elyria,-82.0810755,41.3762781,2046514,Ohio,OH,C075
C076,"Coeur d'Alene, ID Metro Area",Coeur d'Alene,-116.7804664,47.6776832,140625,Idaho,ID,C076
C077,"College Station-Bryan, TX Metro Area",College Station-Bryan,-96.321387,30.636684,232224,Texas,TX,C077
C078,"Colorado Springs, CO Metro Area",Colorado Springs,-104.8213634,38.8338816,660034,Colorado,CO,C078
C079,"Columbia, MO Metro Area",Columbia,-92.3340724,38.9517053,165814,Missouri,MO,C079
C080,"Columbia, SC Metro Area",Columbia,-81.034986,33.995985,776019,South Carolina,SC,C080
C081,"Columbus, IN Metro Area",Columbus,-85.921099,39.201135,77702,Indiana,IN,C081
C082,"Columbus, GA-AL Metro Area",Columbus,-84.982139,32.465663,304016,Georgia,GA,C082
C083,"Columbus, OH Metro Area",Columbus,-82.9987942,39.9611755,1923605,Ohio,OH,C083
C084,"Corpus Christi, TX Metro Area",Corpus Christi,-97.396381,27.8005828,431694,Texas,TX,C084
C085,"Corvallis, OR Metro Area",Corvallis,-123.2620435,44.5645659,85323,Oregon,OR,C085
C086,"Crestview-Fort Walton Beach-Destin, FL Metro Area",Crestview-Fort Walton Beach-Destin,-86.567622,30.736436,243654,Florida,FL,C086
C087,"Cumberland, MD-WV Metro Area",Cumberland,-78.7625185,39.6528654,100942,Maryland,MD,C087
C088,"Dallas-Fort Worth-Arlington, TX Metro Area",Dallas-Fort Worth-Arlington,-97.0403352,32.8998091,6613589,Texas,TX,C088
C089,"Dalton, GA Metro Area",Dalton,-84.9702228,34.7698021,140986,Georgia,GA,C089
C090,"Danville, IL Metro Area",Danville,-87.609705,40.137287,79858,Illinois,IL,C090
C091,"Daphne-Fairhope-Foley, AL Metro Area",Daphne-Fairhope-Foley,-87.7763333,30.6010744,188664,Alabama,AL,C091
C092,"Davenport-Moline-Rock Island, IA-IL Metro Area",Davenport-Moline-Rock Island,-90.615979,41.593589,376779,Iowa,IA,C092
C093,"Dayton, OH Metro Area",Dayton,-84.1916069,39.7589478,792415,Ohio,OH,C093
C094,"Decatur, IL Metro Area",Decatur,-88.946927,39.852163,108393,Illinois,IL,C094
C095,"Decatur, AL Metro Area",Decatur,-86.998774,34.562212,151768,Alabama,AL,C095
C096,"Deltona-Daytona Beach-Ormond Beach, FL Metro Area",Deltona-Daytona Beach-Ormond Beach,-81.2518833,29.0396219,592455,Florida,FL,C096
C097,"Denver-Aurora-Lakewood, CO Metro Area",Denver-Aurora-Lakewood,-104.959491,39.72677,2617172,Colorado,CO,C097
C098,"Des Moines-West Des Moines, IA Metro Area",Des Moines-West Des Moines,-93.711332,41.5772115,582353,Iowa,IA,C098
C099,"Detroit-Warren-Dearborn, MI Metro Area",Detroit-Warren-Dearborn,-83.2872564,42.3411339,4243488,Michigan,MI,C099
C100,"Dothan, AL Metro Area",Dothan,-85.3904888,31.2232313,145158,Alabama,AL,C100
C101,"Dover, DE Metro Area",Dover,-75.5243682,39.158168,165444,Delaware,DE,C101
C102,"Dubuque, IA Metro Area",Dubuque,-90.6645718,42.5005583,93905,Iowa,IA,C102
C103,"Duluth, MN-WI Metro Area",Duluth,-92.1004852,46.7866719,277198,Minnesota,MN,C103
C104,"Durham-Chapel Hill, NC Metro Area",Durham-Chapel Hill,-79.0558445,35.9131996,519050,North Carolina,NC,C104
C105,"East Stroudsburg, PA Metro Area",East Stroudsburg,-75.172533,40.9970909,166878,Pennsylvania,PA,C105
C106,"Eau Claire, WI Metro Area",Eau Claire,-91.4984941,44.811349,161894,Wisconsin,WI,C106
C107,"El Centro, CA Metro Area",El Centro,-115.5630514,32.792,173867,California,CA,C107
C108,"El Paso, TX Metro Area",El Paso,-106.329803,31.744282,815448,Texas,TX,C108
C109,"Elizabethtown-Fort Knox, KY Metro Area",Elizabethtown-Fort Knox,-85.8794832,37.69282,148712,Kentucky,KY,C109
C110,"Elkhart-Goshen, IN Metro Area",Elkhart-Goshen,-85.8344383,41.5822716,196502,Indiana,IN,C110
C111,"Elmira, NY Metro Area",Elmira,-76.8077338,42.0897965,87787,New York,NY,C111
C112,"Erie, PA Metro Area",Erie,-80.085059,42.1292241,277159,Pennsylvania,PA,C112
C113,"Eugene, OR Metro Area",Eugene,-123.0867536,44.0520691,351609,Oregon,OR,C113
C114,"Evansville, IN-KY Metro Area",Evansville,-87.5710898,37.9715592,309577,Indiana,IN,C114
C115,"Fairbanks, AK Metro Area",Fairbanks,-147.7163888,64.8377778,97721,Alaska,AK,C115
C116,"Fargo, ND-MN Metro Area",Fargo,-96.7898034,46.8771863,215360,North Dakota,ND,C116
C117,"Farmington, NM Metro Area",Farmington,-108.2186856,36.7280583,125502,New Mexico,NM,C117
C118,"Fayetteville, NC Metro Area",Fayetteville,-78.8783585,35.0526641,367623,North Carolina,NC,C118
C119,"Fayetteville-Springdale-Rogers, AR-MO Metro Area",Fayetteville-Springdale-Rogers,-94.186342,36.169179,477314,Arkansas,AR,C119
C120,"Flagstaff, AZ Metro Area",Flagstaff,-111.651302,35.1982836,134039,Arizona,AZ,C120
C121,"Flint, MI Metro Area",Flint,-83.6874562,43.0125274,413873,Michigan,MI,C121
C122,"Florence, SC Metro Area",Florence,-79.779496,34.184406,203615,South Carolina,SC,C122
C123,"Florence-Muscle Shoals, AL Metro Area",Florence-Muscle Shoals,-87.6428128,34.8149408,145831,Alabama,AL,C123
C124,"Fond du Lac, WI Metro Area",Fond du Lac,-88.4470508,43.7730448,100851,Wisconsin,WI,C124
C125,"Fort Collins, CO Metro Area",Fort Collins,-105.084423,40.5852602,308196,Colorado,CO,C125
C126,"Fort Smith, AR-OK Metro Area",Fort Smith,-94.3985475,35.3859242,277342,Arkansas,AR,C126
C127,"Fort Wayne, IN Metro Area",Fort Wayne,-85.1393513,41.079273,416313,Indiana,IN,C127
C128,"Fresno, CA Metro Area",Fresno,-119.7725868,36.7468422,936048,California,CA,C128
C129,"Gadsden, AL Metro Area",Gadsden,-86.0066386,34.014264,102923,Alabama,AL,C129
C130,"Gainesville, GA Metro Area",Gainesville,-83.824061,34.297446,182457,Georgia,GA,C130
C131,"Gainesville, FL Metro Area",Gainesville,-82.3248262,29.6516344,265873,Florida,FL,C131
C132,"Gettysburg, PA Metro Area",Gettysburg,-77.2310955,39.8309293,100717,Pennsylvania,PA,C132
C133,"Glens Falls, NY Metro Area",Glens Falls,-73.6440058,43.3095164,127371,New York,NY,C133
C134,"Goldsboro, NC Metro Area",Goldsboro,-77.9927651,35.3848841,122344,North Carolina,NC,C134
C135,"Grand Forks, ND-MN Metro Area",Grand Forks,-97.0328547,47.9252568,98529,North Dakota,ND,C135
C136,"Grand Island, NE Metro Area",Grand Island,-98.3420118,40.9263957,82293,Nebraska,NE,C136
C137,"Grand Junction, CO Metro Area",Grand Junction,-108.5506486,39.0638705,145522,Colorado,CO,C137
C138,"Grand Rapids-Wyoming, MI Metro Area",Grand Rapids-Wyoming,-85.6819061,42.8852643,994009,Michigan,MI,C138
C139,"Grants Pass, OR Metro Area",Grants Pass,-123.3283925,42.4390069,82076,Oregon,OR,C139
C140,"Great Falls, MT Metro Area",Great Falls,-111.2833449,47.4941836,80826,Montana,MT,C140
C141,"Greeley, CO Metro Area",Greeley,-104.7091322,40.4233142,261384,Colorado,CO,C141
C142,"Green Bay, WI Metro Area",Green Bay,-88.019826,44.519159,307003,Wisconsin,WI,C142
C143,"Greensboro-High Point, NC Metro Area",Greensboro-High Point,-79.9420915,36.1062611,726949,North Carolina,NC,C143
C144,"Greenville, NC Metro Area",Greenville,-77.365265,35.612057,170676,North Carolina,NC,C144
C145,"Greenville-Anderson-Mauldin, SC Metro Area",Greenville-Anderson-Mauldin,-82.3784573,34.8068609,833228,South Carolina,SC,C145
C146,"Guayama, PR Metro Area",Guayama,-66.1137767,17.9841328,81210,PuertoRico,PR,C146
C147,"Gulfport-Biloxi-Pascagoula, MS Metro Area",Gulfport-Biloxi-Pascagoula,-88.8495404,30.6202716,374371,Mississippi,MS,C147
C148,"Hagerstown-Martinsburg, MD-WV Metro Area",Hagerstown-Martinsburg,-77.7199932,39.6417629,253596,Maryland,MD,C148
C149,"Hammond, LA Metro Area",Hammond,-90.461536,30.506126,122670,Louisiana,LA,C149
C150,"Hanford-Corcoran, CA Metro Area",Hanford-Corcoran,-119.5571298,36.0983363,149544,California,CA,C150
C151,"Harrisburg-Carlisle, PA Metro Area",Harrisburg-Carlisle,-77.1718666,40.2024296,549259,Pennsylvania,PA,C151
C152,"Harrisonburg, VA Metro Area",Harrisonburg,-78.8689155,38.4495688,126952,Virginia,VA,C152
C153,"Hartford-West Hartford-East Hartford, CT Metro Area",Hartford-West Hartford-East Hartford,-72.6400001,41.7752437,1202726,Connecticut,CT,C153
C154,"Hattiesburg, MS Metro Area",Hattiesburg,-89.2903392,31.3271189,144425,Mississippi,MS,C154
C155,"Hickory-Lenoir-Morganton, NC Metro Area",Hickory-Lenoir-Morganton,-81.3399414,35.7771691,360384,North Carolina,NC,C155
C156,"Hilton Head Island-Bluffton-Beaufort, SC Metro Area",Hilton Head Island-Bluffton-Beaufort,-80.938054,32.295851,191998,South Carolina,SC,C156
C157,"Hinesville, GA Metro Area",Hinesville,-81.5959453,31.846877,78580,Georgia,GA,C157
C158,"Homosassa Springs, FL Metro Area",Homosassa Springs,-82.5768147,28.8010481,139106,Florida,FL,C158
C159,"Hot Springs, AR Metro Area",Hot Springs,-93.0551795,34.5037004,96011,Arkansas,AR,C159
C160,"Houma-Thibodaux, LA Metro Area",Houma-Thibodaux,-90.8165307,29.6465875,206923,Louisiana,LA,C160
C161,"Houston-The Woodlands-Sugar Land, TX Metro Area",Houston-The Woodlands-Sugar Land,-95.4543927,30.1874388,6117444,Texas,TX,C161
C162,"Huntington-Ashland, WV-KY-OH Metro Area",Huntington-Ashland,-82.4424257,38.4192184,360834,West Virginia,WV,C162
C163,"Huntsville, AL Metro Area",Huntsville,-86.5861037,34.7303688,425199,Alabama,AL,C163
C164,"Idaho Falls, ID Metro Area",Idaho Falls,-112.0339645,43.4916514,133902,Idaho,ID,C164
C165,"Indianapolis-Carmel-Anderson, IN Metro Area",Indianapolis-Carmel-Anderson,-86.0675107,40.0286729,1906705,Indiana,IN,C165
C166,"Iowa City, IA Metro Area",Iowa City,-91.5301683,41.6611277,156798,Iowa,IA,C166
C167,"Ithaca, NY Metro Area",Ithaca,-76.5018807,42.4439614,102155,New York,NY,C167
C168,"Jackson, TN Metro Area",Jackson,-88.83777,35.659165,128613,Tennessee,TN,C168
C169,"Jackson, MI Metro Area",Jackson,-84.404608,42.247692,158230,Michigan,MI,C169
C170,"Jackson, MS Metro Area",Jackson,-90.1848103,32.2987573,568025,Mississippi,MS,C170
C171,"Jacksonville, NC Metro Area",Jacksonville,-77.429103,34.753321,178878,North Carolina,NC,C171
C172,"Jacksonville, FL Metro Area",Jacksonville,-81.655651,30.3321838,1364873,Florida,FL,C172
C173,"Janesville-Beloit, WI Metro Area",Janesville-Beloit,-89.0131441,42.6674848,158458,Wisconsin,WI,C173
C174,"Jefferson City, MO Metro Area",Jefferson City,-92.1735164,38.5767017,148529,Missouri,MO,C174
C175,"Johnson City, TN Metro Area",Johnson City,-82.3534727,36.3134397,198151,Tennessee,TN,C175
C176,"Johnstown, PA Metro Area",Johnstown,-78.9219698,40.3267407,139562,Pennsylvania,PA,C176
C177,"Jonesboro, AR Metro Area",Jonesboro,-90.704279,35.8422967,122524,Arkansas,AR,C177
C178,"Joplin, MO Metro Area",Joplin,-94.513281,37.0842271,173655,Missouri,MO,C178
C179,"Kahului-Wailuku-Lahaina, HI Metro Area",Kahului-Wailuku-Lahaina,-156.6642357,20.8743796,157022,Hawaii,HI,C179
C180,"Kalamazoo-Portage, MI Metro Area",Kalamazoo-Portage,-85.5800022,42.2011538,326942,Michigan,MI,C180
C181,"Kankakee, IL Metro Area",Kankakee,-87.8611531,41.1200325,111336,Illinois,IL,C181
C182,"Kansas City, MO-KS Metro Area",Kansas City,-94.5785667,39.0997265,2013678,Missouri,MO,C182
C183,"Kennewick-Richland, WA Metro Area",Kennewick-Richland,-119.2233014,46.2349999,262209,Washington,WA,C183
C184,"Killeen-Temple, TX Metro Area",Killeen-Temple,-97.7541373,31.086873,411559,Texas,TX,C184
C185,"Kingsport-Bristol-Bristol, TN-VA Metro Area",Kingsport-Bristol-Bristol,-82.5210793,36.5501045,306079,Tennessee,TN,C185
C186,"Kingston, NY Metro Area",Kingston,-73.9973608,41.9270367,179942,New York,NY,C186
C187,"Knoxville, TN Metro Area",Knoxville,-83.9207392,35.9606384,838775,Tennessee,TN,C187
C188,"Kokomo, IN Metro Area",Kokomo,-86.1336033,40.486427,82088,Indiana,IN,C188
C189,"La Crosse-Onalaska, WI-MN Metro Area",La Crosse-Onalaska,-91.2351393,43.8844092,133844,Wisconsin,WI,C189
C190,LA METRO MERGED,LA METRO MERGED,-118.237477,34.078203,18867980,California,CA,C190
C191,"Lafayette, LA Metro Area",Lafayette,-122.1180201,37.8857582,469085,California,CA,C191
C192,"Lafayette-West Lafayette, IN Metro Area",Lafayette-West Lafayette,-86.8218305,40.4204002,204106,Indiana,IN,C192
C193,"Lake Charles, LA Metro Area",Lake Charles,-93.2173758,30.2265949,199175,Louisiana,LA,C193
C194,"Lake Havasu City-Kingman, AZ Metro Area",Lake Havasu City-Kingman,-114.0394308,35.2449521,200737,Arizona,AZ,C194
C195,"Lakeland-Winter Haven, FL Metro Area",Lakeland-Winter Haven,-81.7218816,28.0219448,609482,Florida,FL,C195
C196,"Lancaster, PA Metro Area",Lancaster,-76.3055144,40.0378755,519763,Pennsylvania,PA,C196
C197,"Lansing-East Lansing, MI Metro Area",Lansing-East Lansing,-84.4838654,42.7369792,462062,Michigan,MI,C197
C198,"Laredo, TX Metro Area",Laredo,-99.4803241,27.5305671,254496,Texas,TX,C198
C199,"Las Cruces, NM Metro Area",Las Cruces,-106.7636538,32.3199396,210156,New Mexico,NM,C199
C200,"Las Vegas-Henderson-Paradise, NV Metro Area",Las Vegas-Henderson-Paradise,-115.0627936,36.011851,1978938,Nevada,NV,C200
C201,"Lawrence, KS Metro Area",Lawrence,-95.2352501,38.9716689,112329,Kansas,KS,C201
C202,"Lawton, OK Metro Area",Lawton,-98.3959291,34.6035669,130246,Oklahoma,OK,C202
C203,"Lebanon, PA Metro Area",Lebanon,-76.409268,40.340452,133475,Pennsylvania,PA,C203
C204,"Lewiston, ID-WA Metro Area",Lewiston,-117.000539,46.400965,60923,Idaho,ID,C204
C205,"Lewiston-Auburn, ME Metro Area",Lewiston-Auburn,-70.2214259,44.0963,106065,Maine,ME,C205
C206,"Lexington-Fayette, KY Metro Area",Lexington-Fayette,-84.5037164,38.0405837,477997,Kentucky,KY,C206
C207,"Lima, OH Metro Area",Lima,-84.100391,40.738444,104310,Ohio,OH,C207
C208,"Lincoln, NE Metro Area",Lincoln,-96.6851982,40.8257625,306006,Nebraska,NE,C208
C209,"Little Rock-North Little Rock-Conway, AR Metro Area",Little Rock-North Little Rock-Conway,-92.341997,34.761729,708066,Arkansas,AR,C209
C210,"Logan, UT-ID Metro Area",Logan,-111.8338359,41.7369803,126586,Utah,UT,C210
C211,"Longview, WA Metro Area",Longview,-122.938435,46.138934,100668,Washington,WA,C211
C212,"Longview, TX Metro Area",Longview,-94.7404891,32.5007037,213769,Texas,TX,C212
C213,"Louisville/Jefferson County, KY-IN Metro Area",Louisville/Jefferson County,-85.7584557,38.2526647,1238803,Kentucky,KY,C213
C214,"Lubbock, TX Metro Area",Lubbock,-101.8551665,33.5778631,294953,Texas,TX,C214
C215,"Lynchburg, VA Metro Area",Lynchburg,-79.1422464,37.4137536,252706,Virginia,VA,C215
C216,"Macon, GA Metro Area",Macon,-83.6324022,32.8406946,229059,Georgia,GA,C216
C217,"Madera, CA Metro Area",Madera,-120.0607176,36.9613356,149996,California,CA,C217
C218,"Madison, WI Metro Area",Madison,-89.4012302,43.0730517,612986,Wisconsin,WI,C218
C219,"Manchester-Nashua, NH Metro Area",Manchester-Nashua,-71.4811745,42.7865041,398595,New Hampshire,NH,C219
C220,"Manhattan, KS Metro Area",Manhattan,-96.569681,39.182003,95225,Kansas,KA,C220
C221,"Mankato-North Mankato, MN Metro Area",Mankato-North Mankato,-94.033845,44.1732996,96427,Minnesota,MN,C221
C222,"Mansfield, OH Metro Area",Mansfield,-82.5154471,40.75839,121513,Ohio,OH,C222
C223,"Mayaguez, PR Metro Area","MayagÃ¼ez,",-67.113311,18.200854,101547,PuertoRico,PR,C223
C224,"McAllen-Edinburg-Mission, TX Metro Area",McAllen-Edinburg-Mission,-98.2269249,26.2403361,791346,Texas,TX,C224
C225,"Medford, OR Metro Area",Medford,-122.8755949,42.3265152,204831,Oregon,OR,C225
C226,"Memphis, TN-MS-AR Metro Area",Memphis,-90.0489801,35.1495343,1319572,Tennessee,TN,C226
C227,"Merced, CA Metro Area",Merced,-120.4829677,37.3021632,257674,California,CA,C227
C228,"Miami-Fort Lauderdale-West Palm Beach, FL Metro Area",Miami-Fort Lauderdale-West Palm Beach,-80.3295358,25.794738,5713638,Florida,FL,C228
C229,"Michigan City-La Porte, IN Metro Area",Michigan City-La Porte,-86.8950297,41.7075394,110175,Indiana,IN,C229
C230,"Midland, MI Metro Area",Midland,-84.241698,43.62222,82890,Michigan,MI,C230
C231,"Midland, TX Metro Area",Midland,-102.0779146,31.9973456,149047,Texas,TX,C231
C232,"Milwaukee-Waukesha-West Allis, WI Metro Area",Milwaukee-Waukesha-West Allis,-88.0070315,43.0166806,1546202,Wisconsin,WI,C232
C233,"Minneapolis-St. Paul-Bloomington, MN-WI Metro Area","Minneapolis-St, Paul-Bloomington",-93.2222846,44.8847554,3380410,Minnesota,MN,C233
C234,"Missoula, MT Metro Area",Missoula,-113.996586,46.8787176,110160,Montana,MT,C234
C235,"Mobile, AL Metro Area",Mobile,-88.0398912,30.6953657,408884,Alabama,AL,C235
C236,"Modesto, CA Metro Area",Modesto,-120.9968782,37.6390972,515124,California,CA,C236
C237,"Monroe, MI Metro Area",Monroe,-83.396426,41.914874,148887,Michigan,MI,C237
C238,"Monroe, LA Metro Area",Monroe,-92.1193012,32.5093109,175542,Louisiana,LA,C238
C239,"Montgomery, AL Metro Area",Montgomery,-86.2999689,32.3668052,371125,Alabama,AL,C239
C240,"Morgantown, WV Metro Area",Morgantown,-79.9558968,39.629526,132964,West Virginia,WV,C240
C241,"Morristown, TN Metro Area",Morristown,-83.292432,36.217468,113817,Tennessee,TN,C241
C242,"Mount Vernon-Anacortes, WA Metro Area",Mount Vernon-Anacortes,-122.3073789,48.3964933,117136,Washington,WA,C242
C243,"Muncie, IN Metro Area",Muncie,-85.3863599,40.1933767,116392,Indiana,IN,C243
C244,"Muskegon, MI Metro Area",Muskegon,-86.2483921,43.2341813,169460,Michigan,MI,C244
C245,"Myrtle Beach-Conway-North Myrtle Beach, SC-NC Metro Area",Myrtle Beach-Conway-North Myrtle Beach,-78.6780522,33.8292472,392482,South Carolina,SC,C245
C246,"Napa, CA Metro Area",Napa,-122.286865,38.2975381,137637,California,CA,C246
C247,"Naples-Immokalee-Marco Island, FL Metro Area",Naples-Immokalee-Marco Island,-81.6524734,26.2735504,331121,Florida,FL,C247
C248,"Nashville-Davidson--Murfreesboro--Franklin, TN Metro Area",Nashville-Davidson--Murfreesboro--Franklin,-86.7384749,36.1844178,1708758,Tennessee,TN,C248
C249,"New Bern, NC Metro Area",New Bern,-77.0441143,35.108493,125917,North Carolina,NC,C249
C250,"New Haven-Milford, CT Metro Area",New Haven-Milford,-73.064036,41.2306979,854789,Connecticut,CT,C250
C251,"New Orleans-Metairie, LA Metro Area",New Orleans-Metairie,-90.1528519,29.9840922,1212380,Louisiana,LA,C251
C252,"New York-Newark-Jersey City, NY-NJ-PA Metro Area",New York-Newark-Jersey City,-74.1723667,40.735657,19635666,New Jersey,NJ,C252
C253,"Niles-Benton Harbor, MI Metro Area",Niles-Benton Harbor,-86.4453551,42.1043594,154308,Michigan,MI,C253
C254,"North Port-Sarasota-Bradenton, FL Metro Area",North Port-Sarasota-Bradenton,-82.449325,27.328551,716977,Florida,FL,C254
C255,"Norwich-New London, CT Metro Area",Norwich-New London,-72.0759105,41.5242649,271406,Connecticut,CT,C255
C256,"Ocala, FL Metro Area",Ocala,-82.1400923,29.1871986,331443,Florida,FL,C256
C257,"Ocean City, NJ Metro Area",Ocean City,-74.575026,39.277817,95345,New Jersey,NJ,C257
C258,"Odessa, TX Metro Area",Odessa,-102.3676431,31.8456816,142181,Texas,TX,C258
C259,"Ogden-Clearfield, UT Metro Area",Ogden-Clearfield,-111.9620208,41.2364919,603869,Utah,UT,C259
C260,"Oklahoma City, OK Metro Area",Oklahoma City,-97.5164276,35.4675602,1279535,Oklahoma,OK,C260
C261,"Olympia-Tumwater, WA Metro Area",Olympia-Tumwater,-122.908537,46.999973,256477,Washington,WA,C261
C262,"Omaha-Council Bluffs, NE-IA Metro Area",Omaha-Council Bluffs,-95.8871579,41.235836,872995,Iowa,IA,C262
C263,"Orlando-Kissimmee-Sanford, FL Metro Area",Orlando-Kissimmee-Sanford,-81.2984972,28.8136048,2200597,Florida,FL,C263
C264,"Oshkosh-Neenah, WI Metro Area",Oshkosh-Neenah,-88.5178518,44.2003965,166380,Wisconsin,WI,C264
C265,"Owensboro, KY Metro Area",Owensboro,-87.1111676,37.7719074,114518,Kentucky,KY,C265
C266,"Palm Bay-Melbourne-Titusville, FL Metro Area",Palm Bay-Melbourne-Titusville,-80.7214417,28.263933,543963,Florida,FL,C266
C267,"Panama City, FL Metro Area",Panama City,-85.659766,30.158209,186067,Florida,FL,C267
C268,"Parkersburg-Vienna, WV Metro Area",Parkersburg-Vienna,-81.5377013,39.282148,91419,West Virginia,WV,C268
C269,"Pensacola-Ferry Pass-Brent, FL Metro Area",Pensacola-Ferry Pass-Brent,-87.2169149,30.421309,456563,Florida,FL,C269
C270,"Peoria, IL Metro Area",Peoria,-89.5889864,40.6936488,375115,Illinois,IL,C270
C271,"Philadelphia-Camden-Wilmington, PA-NJ-DE-MD Metro Area",Philadelphia-Camden-Wilmington,-75.1819683,39.9557799,5945411,Pennsylvania,PA,C271
C272,"Phoenix-Mesa-Scottsdale, AZ Metro Area",Phoenix-Mesa-Scottsdale,-111.9260519,33.4941704,4281127,Arizona,AZ,C272
C273,"Pine Bluff, AR Metro Area",Pine Bluff,-92.0031955,34.2284312,96349,Arkansas,AR,C273
C274,"Pittsburgh, PA Metro Area",Pittsburgh,-79.9958864,40.4406248,2336409,Pennsylvania,PA,C274
C275,"Pittsfield, MA Metro Area",Pittsfield,-73.2453824,42.4500845,128831,Massachusetts,MA,C275
C276,"Pocatello, ID Metro Area",Pocatello,-112.4455344,42.8713032,82257,Idaho,ID,C276
C277,"Ponce, PR Metro Area",Ponce,-66.6140616,18.0110768,334052,PuertoRico,PR,C277
C278,"Port St. Lucie, FL Metro Area","Port St, Lucie",-80.3582261,27.2730492,429788,Florida,FL,C278
C279,"Portland-South Portland, ME Metro Area",Portland-South Portland,-70.240128,43.641396,513420,Maine,ME,C279
C280,"Portland-Vancouver-Hillsboro, OR-WA Metro Area",Portland-Vancouver-Hillsboro,-122.6785003,45.5156631,2262204,Oregon,OR,C280
C281,"Prescott, AZ Metro Area",Prescott,-112.4685025,34.5400242,211891,Arizona,AZ,C281
C282,"Providence-Warwick, RI-MA Metro Area",Providence-Warwick,-71.414923,41.826504,1588425,Rhode Island,RI,C282
C283,"Provo-Orem, UT Metro Area",Provo-Orem,-111.6585337,40.2338438,539377,Utah,UT,C283
C284,"Pueblo, CO Metro Area",Pueblo,-104.6091409,38.2544472,158986,Colorado,CO,C284
C285,"Punta Gorda, FL Metro Area",Punta Gorda,-82.0453664,26.9297836,162281,Florida,FL,C285
C286,"Racine, WI Metro Area",Racine,-87.7828523,42.7261309,192805,Wisconsin,WI,C286
C287,"Raleigh, NC Metro Area",Raleigh,-78.6381787,35.7795897,1175043,North Carolina,NC,C287
C288,"Rapid City, SD Metro Area",Rapid City,-103.2310149,44.0805434,137181,South Dakota,SD,C288
C289,"Reading, PA Metro Area",Reading,-75.918537,40.340966,408413,Pennsylvania,PA,C289
C290,"Redding, CA Metro Area",Redding,-122.3916754,40.5865396,176957,California,CA,C290
C291,"Reno, NV Metro Area",Reno,-119.8138027,39.5296329,428774,Nevada,NV,C291
C292,"Richmond, VA Metro Area",Richmond,-77.4360481,37.5407246,1220584,Virginia,VA,C292
C293,"Roanoke, VA Metro Area",Roanoke,-79.9414266,37.2709704,307295,Virginia,VA,C293
C294,"Rochester, MN Metro Area",Rochester,-92.477519,44.015163,207240,Minnesota,MN,C294
C295,"Rochester, NY Metro Area",Rochester,-77.6109219,43.16103,1071712,New York,NY,C295
C296,"Rockford, IL Metro Area",Rockford,-89.0939952,42.2711311,342161,Illinois,IL,C296
C297,"Rocky Mount, NC Metro Area",Rocky Mount,-77.7905339,35.9382103,149108,North Carolina,NC,C297
C298,"Rome, GA Metro Area",Rome,-85.168109,34.257183,94936,Georgia,GA,C298
C299,"Sacramento--Roseville--Arden-Arcade, CA Metro Area",Sacramento--Roseville--Arden-Arcade,-121.4139887,38.5946168,2172460,California,CA,C299
C300,"Saginaw, MI Metro Area",Saginaw,-83.9508068,43.4194699,195469,Michigan,MI,C300
C301,"Salem, OR Metro Area",Salem,-123.028216,44.943113,392173,Oregon,OR,C301
C302,"Salinas, CA Metro Area",Salinas,-121.6555013,36.6777372,418803,California,CA,C302
C303,"Salisbury, MD-DE Metro Area",Salisbury,-75.5993692,38.3606736,377981,Maryland,MD,C303
C304,"Salt Lake City, UT Metro Area",Salt Lake City,-111.8910474,40.7607793,1105655,Utah,UT,C304
C305,"San Angelo, TX Metro Area",San Angelo,-100.4370375,31.4637723,113675,Texas,TX,C305
C306,"San Antonio-New Braunfels, TX Metro Area",San Antonio-New Braunfels,-98.0969245,29.7168837,2208718,Texas,TX,C306
C307,"San Diego-Carlsbad, CA Metro Area",San Diego-Carlsbad,-117.3505939,33.1580933,3143901,California,CA,C307
C308,"San Francisco-Oakland-Hayward, CA Metro Area",San Francisco-Oakland-Hayward,-122.0790957,37.6657026,4418311,California,CA,C308
C309,"San German, PR Metro Area",San GermÃ¡n,-67.0411096,18.0807082,134251,PuertoRico,PR,C309
C310,"San Jose-Sunnyvale-Santa Clara, CA Metro Area",San Jose-Sunnyvale-Santa Clara,-121.9302449,37.3896512,1875277,California,CA,C310
C311,"San Juan-Carolina-Caguas, PR Metro Area",San Juan-Carolina-Caguas,-66.1057355,18.4655394,2273614,PuertoRico,PR,C311
C312,"San Luis Obispo-Paso Robles-Arroyo Grande, CA Metro Area",San Luis Obispo-Paso Robles-Arroyo Grande,-120.6082101,35.1011472,271695,California,CA,C312
C313,"Santa Cruz-Watsonville, CA Metro Area",Santa Cruz-Watsonville,-121.7568946,36.910231,264292,California,CA,C313
C314,"Santa Fe, NM Metro Area",Santa Fe,-105.937799,35.6869752,145064,New Mexico,NM,C314
C315,"Santa Maria-Santa Barbara, CA Metro Area",Santa Maria-Santa Barbara,-120.4357191,34.9530337,426462,California,CA,C315
C316,"Santa Rosa, CA Metro Area",Santa Rosa,-122.7140548,38.440429,486699,California,CA,C316
C317,"Savannah, GA Metro Area",Savannah,-81.0998342,32.0835407,356467,Georgia,GA,C317
C318,"Scranton--Wilkes-Barre--Hazleton, PA Metro Area",Scranton--Wilkes-Barre--Hazleton,-75.8954893,41.2107491,557430,Pennsylvania,PA,C318
C319,"Seattle-Tacoma-Bellevue, WA Metro Area",Seattle-Tacoma-Bellevue,-122.32046,47.744732,3513620,Washington,WA,C319
C320,"Sebastian-Vero Beach, FL Metro Area",Sebastian-Vero Beach,-80.4346685,27.7547552,139998,Florida,FL,C320
C321,"Sebring, FL Metro Area",Sebring,-81.440907,27.495592,97329,Florida,FL,C321
C322,"Sheboygan, WI Metro Area",Sheboygan,-87.71453,43.7508284,113919,Wisconsin,WI,C322
C323,"Sherman-Denison, TX Metro Area",Sherman-Denison,-96.6102526,33.6366113,120451,Texas,TX,C323
C324,"Shreveport-Bossier City, LA Metro Area",Shreveport-Bossier City,-93.7501789,32.5251516,439242,Louisiana,LA,C324
C325,"Sierra Vista-Douglas, AZ Metro Area",Sierra Vista-Douglas,-109.54283,31.345053,129300,Arizona,AZ,C325
C326,"Sioux City, IA-NE-SD Metro Area",Sioux City,-96.4003069,42.4999942,166317,Iowa,IA,C326
C327,"Sioux Falls, SD Metro Area",Sioux Falls,-96.7311034,43.5445959,235078,South Dakota,SD,C327
C328,"South Bend-Mishawaka, IN-MI Metro Area",South Bend-Mishawaka,-86.1842807,41.6965566,315135,Indiana,IN,C328
C329,"Spartanburg, SC Metro Area",Spartanburg,-81.9320482,34.9495672,312939,South Carolina,SC,C329
C330,"Spokane-Spokane Valley, WA Metro Area",Spokane-Spokane Valley,-117.2393748,47.6732281,527585,Washington,WA,C330
C331,"Springfield, OH Metro Area",Springfield,-83.787919,39.916115,135842,Ohio,OH,C331
C332,"Springfield, IL Metro Area",Springfield,-89.6501481,39.7817213,209225,Illinois,IL,C332
C333,"Springfield, MO Metro Area",Springfield,-93.2922989,37.2089572,439346,Missouri,MO,C333
C334,"Springfield, MA Metro Area",Springfield,-72.528491,42.120714,621087,Massachusetts,MA,C334
C335,"St. Cloud, MN Metro Area","St, Cloud",-94.1632404,45.5579451,188365,Minnesota,MN,C335
C336,"St. George, UT Metro Area","St, George",-113.5684164,37.0965278,142797,Utah,UT,C336
C337,"St. Joseph, MO-KS Metro Area","St, Joseph",-94.846681,39.7674578,126015,Missouri,MO,C337
C338,"St. Louis, MO-IL Metro Area","St, Louis",-90.1994042,38.6270025,2764888,Missouri,MO,C338
C339,"State College, PA Metro Area",State College,-77.8600012,40.7933949,154889,Pennsylvania,PA,C339
C340,"Staunton-Waynesboro, VA Metro Area",Staunton-Waynesboro,-78.939181,38.0854969,117688,Virginia,VA,C340
C341,"Stockton-Lodi, CA Metro Area",Stockton-Lodi,-121.2749312,38.131724,690889,California,CA,C341
C342,"Sumter, SC Metro Area",Sumter,-80.3414693,33.9204354,106428,South Carolina,SC,C342
C343,"Syracuse, NY Metro Area",Syracuse,-76.1474244,43.0481221,655008,New York,NY,C343
C344,"Tallahassee, FL Metro Area",Tallahassee,-84.2807329,30.4382559,369243,Florida,FL,C344
C345,"Tampa-St. Petersburg-Clearwater, FL Metro Area","Tampa-St, Petersburg-Clearwater",-82.6893801,27.9100221,2823138,Florida,FL,C345
C346,"Terre Haute, IN Metro Area",Terre Haute,-87.4139092,39.4667034,170128,Indiana,IN,C346
C347,"Texarkana, TX-AR Metro Area",Texarkana,-94.0476882,33.425125,147125,Texas,TX,C347
C348,"The Villages, FL Metro Area",The Villages,-82.0037608,28.927019,103247,Florida,FL,C348
C349,"Toledo, OH Metro Area",Toledo,-83.555212,41.6639383,601847,Ohio,OH,C349
C350,"Topeka, KS Metro Area",Topeka,-95.6890185,39.0558235,231634,Kansas,KS,C350
C351,"Trenton, NJ Metro Area",Trenton,-74.7429384,40.2170534,365938,New Jersey,NJ,C351
C352,"Tucson, AZ Metro Area",Tucson,-110.926479,32.2217429,981766,Arizona,AZ,C352
C353,"Tulsa, OK Metro Area",Tulsa,-95.992775,36.1539816,941942,Oklahoma,OK,C353
C354,"Tuscaloosa, AL Metro Area",Tuscaloosa,-87.5691735,33.2098407,230945,Alabama,AL,C354
C355,"Tyler, TX Metro Area",Tyler,-95.3010624,32.3512601,211824,Texas,TX,C355
C356,"Urban Honolulu, HI Metro Area",Urban Honolulu,-157.8258069,21.2765259,962879,Hawaii,HI,C356
C357,"Utica-Rome, NY Metro Area",Utica-Rome,-75.516218,43.078707,295152,New York,NY,C357
C358,"Valdosta, GA Metro Area",Valdosta,-83.2784851,30.8327022,140818,Georgia,GA,C358
C359,"Vallejo-Fairfield, CA Metro Area",Vallejo-Fairfield,-121.9017954,38.3104969,416642,California,CA,C359
C360,"Victoria, TX Metro Area",Victoria,-97.0035982,28.8052674,95047,Texas,TX,C360
C361,"Vineland-Bridgeton, NJ Metro Area",Vineland-Bridgeton,-75.014873,39.448509,155340,New Jersey,NJ,C361
C362,"Virginia Beach-Norfolk-Newport News, VA-NC Metro Area",Virginia Beach-Norfolk-Newport News,-76.2990242,36.8847353,1674973,Virginia,VA,C362
C363,"Visalia-Porterville, CA Metro Area",Visalia-Porterville,-119.189601,36.45182,444334,California,CA,C363
C364,"Waco, TX Metro Area",Waco,-97.1466695,31.549333,254144,Texas,TX,C364
C365,"Walla Walla, WA Metro Area",Walla Walla,-118.3430208,46.0645809,62899,Washington,WA,C365
C366,"Warner Robins, GA Metro Area",Warner Robins,-83.624201,32.6130007,182468,Georgia,GA,C366
C367,"Washington-Arlington-Alexandria, DC-VA-MD-WV Metro Area",Washington-Arlington-Alexandria,-77.1250349,38.8851196,5787825,Virginia,VA,C367
C368,"Waterloo-Cedar Falls, IA Metro Area",Waterloo-Cedar Falls,-92.3425775,42.492786,166588,Iowa,IA,C368
C369,"Watertown-Fort Drum, NY Metro Area",Watertown-Fort Drum,-75.9118592,43.9717872,116882,New York,NY,C369
C370,"Wausau, WI Metro Area",Wausau,-89.6301221,44.9591352,133363,Wisconsin,WI,C370
C371,"Weirton-Steubenville, WV-OH Metro Area",Weirton-Steubenville,-80.6339638,40.3697905,121661,Ohio,OH,C371
C372,"Wenatchee, WA Metro Area",Wenatchee,-120.3103494,47.4234599,111451,Washington,WA,C372
C373,"Wheeling, WV-OH Metro Area",Wheeling,-80.7209149,40.0639616,145460,West Virginia,WV,C373
C374,"Wichita Falls, TX Metro Area",Wichita,-97.330053,37.6871761,627862,Kansas,KS,C374
C375,"Wichita, KS Metro Area",Wichita Falls,-98.4933873,33.9137085,149495,Texas,TX,C375
C376,"Williamsport, PA Metro Area",Williamsport,-77.0010786,41.2411897,115501,Pennsylvania,PA,C376
C377,"Wilmington, NC Metro Area",Wilmington,-77.9447102,34.2257255,261335,North Carolina,NC,C377
C378,"Winchester, VA-WV Metro Area",Winchester,-78.1633341,39.1856597,129477,Virginia,VA,C378
C379,"Winston-Salem, NC Metro Area",Winston-Salem,-80.244216,36.0998596,640858,North Carolina,NC,C379
C380,"Worcester, MA-CT Metro Area",Worcester,-71.8022934,42.2625932,914452,Massachusetts,MA,C380
C381,"Yakima, WA Metro Area",Yakima,-120.5058987,46.6020711,242624,Washington,WA,C381
C382,"York-Hanover, PA Metro Area",York-Hanover,-76.9830358,39.8006553,433572,Pennsylvania,PA,C382
C383,"Youngstown-Warren-Boardman, OH-PA Metro Area",Youngstown-Warren-Boardman,-80.6632103,41.0799329,553906,Ohio,OH,C383
C384,"Yuba City, CA Metro Area",Yuba City,-121.6169108,39.1404477,165810,California,CA,C384
C385,"Yuma, AZ Metro Area",Yuma,-114.6276916,32.6926512,199154,Arizona,AZ,C385
